Año,No.,CALLE,ENTRE CALLES,COLONIA,TIRANTE,LARGO,ANCHO,DICTAMEN,DELEGACIÓN,Superficie,Volumen
2009,1813,CDA. DE ACOCOYOTLI MZ. 10 LT. 8,ESQ. BUENAVISTA,ATACAXCO,0.05,0.5,0.5,INEXISTENTE AL MOMENTO DE LA INSPECCION [NO SE APRECIAN DIMENSIONES],MAGDALENA CONTRERAS,0.25,0.0125
2010,1301,AV. ALVARO OBREGON# 52,,BARRIO BARRANCA SECA,0.05,0.5,0.5,INEXISTENTE AL MOMENTO DE LA INSPECCION [NO SE APRECIAN DIMENSIONES],MAGDALENA CONTRERAS,0.25,0.0125
2010,1302,CORDOBA # 13,ESQ. JOSE MORENO SALCIDO,BARRIO BARRANCA SECA,0.05,0.5,0.5,INEXISTENTE AL MOMENTO DE LA INSPECCION [NO SE APRECIAN DIMENSIONES],MAGDALENA CONTRERAS,0.25,0.0125
2010,1303,PRADO # 85,ESQ. AV. SAN FRANCISCO,SAN FRANCISCO,0.05,0.5,0.5,INEXISTENTE AL MOMENTO DE LA INSPECCION [NO SE APRECIAN DIMENSIONES],MAGDALENA CONTRERAS,0.25,0.0125
2007,1567,AV. SAN BERNABE # 383,ENTRE CRUZ BLANCA Y CRUZ VERDE,BARROS SIERRA,0.05,0.5,0.5,INEXISTENTE AL MOMENTO DE LA INSPECCION [NO SE APRECIAN DIMENSIONES],MAGDALENA CONTRERAS,0.25,0.0125
2010,1304,EMILIANO ZAPATA # 9,ENTRE PENSAMIENTOS Y HORTENCIA,BARROS SIERRA,0.05,0.5,0.5,INEXISTENTE AL MOMENTO DE LA INSPECCION [NO SE APRECIAN DIMENSIONES],MAGDALENA CONTRERAS,0.25,0.0125
2011,2912,PRIV. INDEPENDENCIA # 5,ENTRE INDEPENDENCIA Y OCOTLAN,BARROS SIERRA,0.05,0.5,0.5,INEXISTENTE AL MOMENTO DE LA INSPECCION [NO SE APRECIAN DIMENSIONES],MAGDALENA CONTRERAS,0.25,0.0125
2014,3505,CAZULCO MZ. 2 LT. 11,ESQ. SAN BERNABE,BARROS SIERRA,0.05,0.5,0.5,INEXISTENTE AL MOMENTO DE LA INSPECCION [NO SE APRECIAN DIMENSIONES],MAGDALENA CONTRERAS,0.25,0.0125
2007,1568,LAT. ANILLO PERIFERICO,ESQ. SAN JERONIMO,UNIDAD INDEPENDENCIA IMSS,0.1,10,3,INSUFICIENCIA DE ATARJEA Y COLECTOR,MAGDALENA CONTRERAS,30,3
2008,1159,ORQUIDEA # 9,ENTRE AV. SAN BERNABE Y AV. LUIS CABRERA,CUAUHTEMOC,0.05,0.5,0.5,INEXISTENTE AL MOMENTO DE LA INSPECCION [NO SE APRECIAN DIMENSIONES],MAGDALENA CONTRERAS,0.25,0.0125
2009,1814,GUILLERMO PRIETO # 14,ENTRE PRESA Y AV. SAN BERNABE,CUAUHTEMOC,0.05,0.5,0.5,INEXISTENTE AL MOMENTO DE LA INSPECCION [NO SE APRECIAN DIMENSIONES],MAGDALENA CONTRERAS,0.25,0.0125
2012,2056,2A. CDA. DURAZNO,ESQ. ERMITAÑO,EL ERMITAÑO,0.05,0.5,0.5,INEXISTENTE AL MOMENTO DE LA INSPECCION,MAGDALENA CONTRERAS,0.25,0.0125
2014,3506,PALMERA ENANA,ESQ. LOS COCOS,EL ROSAL,0.05,0.5,0.5,INEXISTENTE AL MOMENTO DE LA INSPECCION [NO SE APRECIAN DIMENSIONES],MAGDALENA CONTRERAS,0.25,0.0125
2007,1569,2DA. CDA. DE HIDALGO # 4,ESQ. CDA. HIDALGO,EL TANQUE,0.05,0.5,0.5,INEXISTENTE AL MOMENTO DE LA INSPECCION [NO SE APRECIAN DIMENSIONES],MAGDALENA CONTRERAS,0.25,0.0125
2010,1305,2A. CDA. HIDALGO,ESQ. HIDALGO,EL TANQUE,0.05,0.5,0.5,INEXISTENTE AL MOMENTO DE LA INSPECCION [NO SE APRECIAN DIMENSIONES],MAGDALENA CONTRERAS,0.25,0.0125
2010,1306,MEMBRILLO,ESQ. CDA. MEMBRILLO,EL TANQUE,0.05,0.5,0.5,INEXISTENTE AL MOMENTO DE LA INSPECCION [NO SE APRECIAN DIMENSIONES],MAGDALENA CONTRERAS,0.25,0.0125
2009,1815,LIRIO # 4,ENTRE AZUCENA Y GERANIO,EL TORO,0.05,0.5,0.5,INEXISTENTE AL MOMENTO DE LA INSPECCION [NO SE APRECIAN DIMENSIONES],MAGDALENA CONTRERAS,0.25,0.0125
2010,1307,DALIA # 9 INT. 3,ENTRE CLAVEL Y GERANIO,EL TORO,0.05,0.5,0.5,INEXISTENTE AL MOMENTO DE LA INSPECCION [NO SE APRECIAN DIMENSIONES],MAGDALENA CONTRERAS,0.25,0.0125
2009,1816,ANILLO PERIFERICO (NTE-SUR),ENTRE LUIS CABRERA Y CAM. SANTA TERESA,HEROES DE PADIERNA,0.05,0.5,0.5,INEXISTENTE AL MOMENTO DE LA INSPECCION [NO SE APRECIAN DIMENSIONES],MAGDALENA CONTRERAS,0.25,0.0125
2011,2913,OAXACA # 5,ESQ. FERROCARRIL DE CUERNAVACA,HEROES DE PADIERNA,0.05,0.5,0.5,INEXISTENTE AL MOMENTO DE LA INSPECCION [NO SE APRECIAN DIMENSIONES],MAGDALENA CONTRERAS,0.25,0.0125
2012,2041,GUERRERO ,ESQ. CAMINO A SANTA TERESA,HEROES DE PADIERNA,0.5,80,20,INSUFICIENCIA DE GRIETA,MAGDALENA CONTRERAS,1600,800
2008,1160,HUAYATLA # 262,ENTRE AHUEHUETES Y 12 DE OCTUBRE,HUAYATLA,0.05,0.5,0.5,INEXISTENTE AL MOMENTO DE LA INSPECCION [NO SE APRECIAN DIMENSIONES],MAGDALENA CONTRERAS,0.25,0.0125
2011,2914,ADOLFO RUIZ CORTINES,ESQ. TARAQUILLO,PUENTE SIERRA,0.1,20,6,INSUFICIENCIA DE GRIETA,MAGDALENA CONTRERAS,120,12
2011,2915,AILE # 14,AND. AYOTLA Y AND. OCOTE,LA CARBONERA,0.05,0.5,0.5,INEXISTENTE AL MOMENTO DE LA INSPECCION [NO SE APRECIAN DIMENSIONES],MAGDALENA CONTRERAS,0.25,0.0125
2013,2447,AV. CARBONERA,OCOTE ,LA CARBONERA,0.05,0.5,0.5,INEXISTENTE AL MOMENTO DE LA INSPECCION [NO SE APRECIAN DIMENSIONES],MAGDALENA CONTRERAS,0.25,0.0125
2014,3507,AYLE S/N,ESQ. LLANO DE AYLA,LA CARBONERA,0.05,0.5,0.5,INEXISTENTE AL MOMENTO DE LA INSPECCION [NO SE APRECIAN DIMENSIONES],MAGDALENA CONTRERAS,0.25,0.0125
2009,1817,IGNACIO MEJIA # 28,ESQ. RIO MAGDALENA,LA CONCEPCION,0.05,0.5,0.5,INEXISTENTE AL MOMENTO DE LA INSPECCION [NO SE APRECIAN DIMENSIONES],MAGDALENA CONTRERAS,0.25,0.0125
2009,1818,JUAN ALVAREZ,ESQ. PLAZA DE LA CONCEPCION,LA CONCEPCION,0.05,0.5,0.5,INEXISTENTE AL MOMENTO DE LA INSPECCION [NO SE APRECIAN DIMENSIONES],MAGDALENA CONTRERAS,0.25,0.0125
2009,1819,JUAN ALVAREZ # 38,GALEANA Y CANAL,LA CONCEPCION,0.05,0.5,0.5,INEXISTENTE AL MOMENTO DE LA INSPECCION [NO SE APRECIAN DIMENSIONES],MAGDALENA CONTRERAS,0.25,0.0125
2009,1820,JUAN ALVAREZ # 5,ESQ. HERMEGILDO GALEANA,LA CONCEPCION,0.05,120,6,INSUFICIENCIA DE ATARJEA Y COLECTOR,MAGDALENA CONTRERAS,720,36
2010,1308,3RA. CDA. DE CONTRERAS,ENTRE. 2DA. CALLE CONTRERAS Y CAMINO REAL DE CONTRERAS,LA CONCEPCION,0.05,0.5,0.5,INEXISTENTE AL MOMENTO DE LA INSPECCION [NO SE APRECIAN DIMENSIONES],MAGDALENA CONTRERAS,0.25,0.0125
2014,3508,VICENTE GUERRERO # 5,ESQ. RIO MAGDALENA ,LA CONCEPCION,0.05,0.5,0.5,INEXISTENTE AL MOMENTO DE LA INSPECCION [NO SE APRECIAN DIMENSIONES],MAGDALENA CONTRERAS,0.25,0.0125
2013,2448,VENTA # 60,MEXICO,LA CRUZ,0.05,0.5,0.5,FALTA DE INFRAESTRUCTURA,MAGDALENA CONTRERAS,0.25,0.0125
2014,3509,BENITO JUAREZ # 7-A,EMILIANO CARRANZA,PUEBLO MAGDALENA CONTRERAS,0.05,0.5,0.5,INEXISTENTE AL MOMENTO DE LA INSPECCION [NO SE APRECIAN DIMENSIONES],MAGDALENA CONTRERAS,0.25,0.0125
2007,1570,AND. DURAZNO,ESQ. EMILIANO ZAPATA,LA MALINCHE,0.05,0.5,0.5,INEXISTENTE AL MOMENTO DE LA INSPECCION [NO SE APRECIAN DIMENSIONES],MAGDALENA CONTRERAS,0.25,0.0125
2007,1571,EMILIANO ZAPATA # 77,ESQ. FRANCISCO VILLA,LA MALINCHE,0.05,0.5,0.5,INEXISTENTE AL MOMENTO DE LA INSPECCION [NO SE APRECIAN DIMENSIONES],MAGDALENA CONTRERAS,0.25,0.0125
2008,1161,CAPITAN VERTIZ,ESQ. AV. SAN BERNABE,LA MALINCHE,0.05,0.5,0.5,INEXISTENTE AL MOMENTO DE LA INSPECCION [NO SE APRECIAN DIMENSIONES],MAGDALENA CONTRERAS,0.25,0.0125
2008,1162,RIO AMAZONAS # 34,ESQ. CAP. VERTIZ,LA MALINCHE,0.05,0.5,0.5,INEXISTENTE AL MOMENTO DE LA INSPECCION [NO SE APRECIAN DIMENSIONES],MAGDALENA CONTRERAS,0.25,0.0125
2009,1821,DURAZNO # 2 BIS,ENTRE ORQUIDEA Y PROL. LAS TORRES,LA MALINCHE,0.05,0.5,0.5,INEXISTENTE AL MOMENTO DE LA INSPECCION [NO SE APRECIAN DIMENSIONES],MAGDALENA CONTRERAS,0.25,0.0125
2009,1822,MARIPOSA # 29,ENTRE COLORINES Y AND. MARIPOSA,LA MALINCHE,0.05,0.5,0.5,INEXISTENTE AL MOMENTO DE LA INSPECCION [NO SE APRECIAN DIMENSIONES],MAGDALENA CONTRERAS,0.25,0.0125
2011,2916,LOMAS QUEBRADA # 14,ESQ. SANTIAGO,LA MALINCHE,0.05,0.5,0.5,INEXISTENTE AL MOMENTO DE LA INSPECCION [NO SE APRECIAN DIMENSIONES],MAGDALENA CONTRERAS,0.25,0.0125
2011,2917,RIO AMAZONAS,ENTRE LOMAS QUEBRADAS Y PRIV. OCOTEPEC,LA MALINCHE,0.05,0.5,0.5,INEXISTENTE AL MOMENTO DE LA INSPECCION [NO SE APRECIAN DIMENSIONES],MAGDALENA CONTRERAS,0.25,0.0125
2012,2051,RIO AMAZONAS,ESQ. LOMAS QUEBRADAS,LA MALINCHE,0.05,0.5,0.5,INEXISTENTE AL MOMENTO DE LA INSPECCION,MAGDALENA CONTRERAS,0.25,0.0125
2013,2449,AND. DURAZNO # 2,EMILIANO ZAPATA,LA MALINCHE,0.05,0.5,0.5,INEXISTENTE AL MOMENTO DE LA INSPECCION [NO SE APRECIAN DIMENSIONES],MAGDALENA CONTRERAS,0.25,0.0125
2009,1823,HIGUERA MZ. 83 LT. 17,ENTRE JANITZIO Y ORQUIDEA,LAS CRUCES,0.05,0.5,0.5,INEXISTENTE AL MOMENTO DE LA INSPECCION [NO SE APRECIAN DIMENSIONES],MAGDALENA CONTRERAS,0.25,0.0125
2010,1309,AV. HIDALGO,ESQ. SAN BERNABE,LAS CRUCES,0.05,0.5,0.5,INEXISTENTE AL MOMENTO DE LA INSPECCION [NO SE APRECIAN DIMENSIONES],MAGDALENA CONTRERAS,0.25,0.0125
2008,1163,CDA. SOLEDAD,ESQ. ENCINO,LAS HUERTAS,0.05,0.5,0.5,INEXISTENTE AL MOMENTO DE LA INSPECCION [NO SE APRECIAN DIMENSIONES],MAGDALENA CONTRERAS,0.25,0.0125
2007,1572,AV. SAN BERNABE,ESQ. CDA. DE ENCINOS,LAS PALMAS,0.05,0.5,0.5,INEXISTENTE AL MOMENTO DE LA INSPECCION [NO SE APRECIAN DIMENSIONES],MAGDALENA CONTRERAS,0.25,0.0125
2007,1573,CDA. PALMAS,ESQ. OCOTLAN,LAS PALMAS,0.05,0.5,0.5,INEXISTENTE AL MOMENTO DE LA INSPECCION [NO SE APRECIAN DIMENSIONES],MAGDALENA CONTRERAS,0.25,0.0125
2013,2450,5TA. CDA. ASTILLEROS # 3,BENITO JUAREZ ,LOMAS DE SAN BERNABE,0.05,0.5,0.5,INEXISTENTE AL MOMENTO DE LA INSPECCION [NO SE APRECIAN DIMENSIONES],MAGDALENA CONTRERAS,0.25,0.0125
2009,1824,HORTENCIA,ESQ. PALMA,LOMAS QUEBRADAS,0.05,0.5,0.5,INEXISTENTE AL MOMENTO DE LA INSPECCION [NO SE APRECIAN DIMENSIONES],MAGDALENA CONTRERAS,0.25,0.0125
2009,1825,CDA. PRESILLA,ESQ. AV. LUIS CABRERA,LOMAS QUEBRADAS,0.35,30,8,INSUFICIENCIA DE ATARJEA Y COLECTOR,MAGDALENA CONTRERAS,240,84
2010,1310,3 DE MAYO # 7,ENTRE AMAPOLAS Y AV. SAN BERNABE,LOS PADRES,0.05,0.5,0.5,INEXISTENTE AL MOMENTO DE LA INSPECCION [NO SE APRECIAN DIMENSIONES],MAGDALENA CONTRERAS,0.25,0.0125
2010,1311,PINOS,ENTRE: PALOMAS Y FERNANDO LEAL,LOS PADRES,0.05,0.5,0.5,INEXISTENTE AL MOMENTO DE LA INSPECCION [NO SE APRECIAN DIMENSIONES],MAGDALENA CONTRERAS,0.25,0.0125
2011,2918,AV. LAS TORRES,ESQ. UNION,LOS PADRES,0.05,0.5,0.5,INEXISTENTE AL MOMENTO DE LA INSPECCION [NO SE APRECIAN DIMENSIONES],MAGDALENA CONTRERAS,0.25,0.0125
2010,1312,PROL. CARBONERA # 362,ENTRE AYLE Y MINAS DE CENTENO,OCOTAL,0.05,0.5,0.5,INEXISTENTE AL MOMENTO DE LA INSPECCION [NO SE APRECIAN DIMENSIONES],MAGDALENA CONTRERAS,0.25,0.0125
2014,3510,CDA. 5 DE MAYO MZ. 98 LT. 125,5 DE MAYO,POTRERILLO,0.05,0.5,0.5,INEXISTENTE AL MOMENTO DE LA INSPECCION [NO SE APRECIAN DIMENSIONES],MAGDALENA CONTRERAS,0.25,0.0125
2014,3511,NOGAL LT. 12 MZ. 92,REFORMA,POTRERILLO,0.05,0.5,0.5,INEXISTENTE AL MOMENTO DE LA INSPECCION [NO SE APRECIAN DIMENSIONES],MAGDALENA CONTRERAS,0.25,0.0125
2009,1826,SANDOMES,ENTRE PRADERA Y ENCINOS,POTRERILLO,0.05,0.5,0.5,INEXISTENTE AL MOMENTO DE LA INSPECCION [NO SE APRECIAN DIMENSIONES],MAGDALENA CONTRERAS,0.25,0.0125
2009,1827,NOGAL DE LA INDIA # 2,ENTRE HUAYATLA Y CALVARIO,PUEBLO NUEVO ALTO,0.05,0.5,0.5,INEXISTENTE AL MOMENTO DE LA INSPECCION [NO SE APRECIAN DIMENSIONES],MAGDALENA CONTRERAS,0.25,0.0125
2011,2919,TECOTLALPAN,ESQ. F.F.C.C. DE CUERNAVACA,PUEBLO SAN NICOLAS TOTOLAPAN,0.25,30,8,INSUFICIENCIA DE ATARJEA Y COLECTOR,MAGDALENA CONTRERAS,240,60
2011,2920,CALLE 14,ESQ. AYOTLA,PUEBLO NUEVO ALTO,0.05,0.5,0.5,INEXISTENTE AL MOMENTO DE LA INSPECCION [NO SE APRECIAN DIMENSIONES],MAGDALENA CONTRERAS,0.25,0.0125
2012,2053,BUENAVISTA # 33,CAÑADA ,PUEBLO NUEVO ALTO,0.05,0.5,0.5,INEXISTENTE AL MOMENTO DE LA INSPECCION,MAGDALENA CONTRERAS,0.25,0.0125
2014,3512,AV. SAN JERONIMO ,ESQ. AYOTLA ,PUEBLO NUEVO ALTO,0.05,0.5,0.5,INEXISTENTE AL MOMENTO DE LA INSPECCION [NO SE APRECIAN DIMENSIONES],MAGDALENA CONTRERAS,0.25,0.0125
2009,1828,CJON. DE LA PERITA # 2,ENTRE AV. BUENAVISTA Y LA PERITA,PUEBLO NUEVO BAJO,0.3,15,12,INSUFICIENCIA DE ATARJEA Y COLECTOR,MAGDALENA CONTRERAS,180,54
2010,1313,ROSAL # 10,ESQ. LA PERITA,PUEBLO NUEVO BAJO,0.05,0.5,0.5,INEXISTENTE AL MOMENTO DE LA INSPECCION [NO SE APRECIAN DIMENSIONES],MAGDALENA CONTRERAS,0.25,0.0125
2011,2921,1a. CDA. DE ALVARO OBREGON,ESQ. ALVARO OBREGON,PUEBLO SAN BERNABE OCOTEPEC,0.05,0.5,0.5,INEXISTENTE AL MOMENTO DE LA INSPECCION [NO SE APRECIAN DIMENSIONES],MAGDALENA CONTRERAS,0.25,0.0125
2010,1314,GRAL. VERTIZ # 9,ESQ. BENITO JUAREZ,PUEBLO SAN NICOLAS TOTOLAPAN,0.05,0.5,0.5,INEXISTENTE AL MOMENTO DE LA INSPECCION [NO SE APRECIAN DIMENSIONES],MAGDALENA CONTRERAS,0.25,0.0125
2010,1315,INDEPENDENCIA,ESQ. TABAQUEROS,PUEBLO SAN NICOLAS TOTOLAPAN,0.05,0.5,0.5,INEXISTENTE AL MOMENTO DE LA INSPECCION [NO SE APRECIAN DIMENSIONES],MAGDALENA CONTRERAS,0.25,0.0125
2007,1574,LATERAL DE ANILLO PERIFERICO,ESQ. AV.  SAN JERONIMO,PUENTE SIERRA,0.2,40,8,INSUFICIENCIA DE ATARJEA Y COLECTOR,MAGDALENA CONTRERAS,320,64
2009,1829,ANILLO PERIFERICO,ESQ. AV. SAN JERONIMO,PUENTE SIERRA,0.15,40,6,INSUFICIENCIA DE ATARJEA Y COLECTOR,MAGDALENA CONTRERAS,240,36
2009,1830,ANILLO PERIFERICO,ESQ. AV. SAN JERONIMO,PUENTE SIERRA,0.05,0.5,0.5,INEXISTENTE AL MOMENTO DE LA INSPECCION [NO SE APRECIAN DIMENSIONES],MAGDALENA CONTRERAS,0.25,0.0125
2009,1831,ANILLO PERIFERICO (NTE-SUR),ESQ. AV. SAN JERONIMO,PUENTE SIERRA,0.05,0.5,0.5,INEXISTENTE AL MOMENTO DE LA INSPECCION [NO SE APRECIAN DIMENSIONES],MAGDALENA CONTRERAS,0.25,0.0125
2009,1832,CASTILLO # 101,ENTRE RIO CHICO Y AV. SAN GERONIMO,PUENTE SIERRA,0.05,0.5,0.5,INEXISTENTE AL MOMENTO DE LA INSPECCION [NO SE APRECIAN DIMENSIONES],MAGDALENA CONTRERAS,0.25,0.0125
2009,1833,PUENTE SIERRA # 10,ESQ. RIO CHICO,PUENTE SIERRA,0.1,20,8,COLADERA OBSTRUIDA,MAGDALENA CONTRERAS,160,16
2014,3513,3A. CDA. DEL CASTILLO # 10,AV. SAN JERONIMO,PUENTE SIERRA,0.05,0.5,0.5,COLADERA OBSTRUIDA,MAGDALENA CONTRERAS,0.25,0.0125
2014,3514,AV. CONTRERAS,ESQ. TARASQUILLO,PUENTE SIERRA,0.3,20,8,INSUFICIENCIA DE ATARJEA Y COLECTOR,MAGDALENA CONTRERAS,160,48
2014,3515,AV. SAN JERONIMO,ESQ. AV. CONTRERAS,PUENTE SIERRA,0.15,20,6,INSUFICIENCIA DE ATARJEA Y COLECTOR,MAGDALENA CONTRERAS,120,18
2007,1575,AV. SAN BERNABE,ESQ. MAGNOLIA,SAN JERONIMO LIDICE,0.25,40,6,INSUFICIENCIA DE ATARJEA Y COLECTOR,MAGDALENA CONTRERAS,240,60
2012,2046,OJO DE AGUA ,ESQ. 1RA. CDA. GUERRERO ,PUEBLO SAN BERNABE OCOTEPEC,0.05,0.5,0.5,INEXISTENTE AL MOMENTO DE LA INSPECCION,MAGDALENA CONTRERAS,0.25,0.0125
2013,2451,CALLEJON PACHECO,ALUMNOS,PUEBLO SAN BERNABE OCOTEPEC,0.05,0.5,0.5,INEXISTENTE AL MOMENTO DE LA INSPECCION [NO SE APRECIAN DIMENSIONES],MAGDALENA CONTRERAS,0.25,0.0125
2014,3516,3RA. CDA. DE AZTECAS # 35,ESQ. AZTECAS,PUEBLO SAN BERNABE OCOTEPEC,0.05,0.5,0.5,INEXISTENTE AL MOMENTO DE LA INSPECCION [NO SE APRECIAN DIMENSIONES],MAGDALENA CONTRERAS,0.25,0.0125
2014,3517,HIGUERA ,ESQ. ORQUIDEA,PUEBLO SAN BERNABE OCOTEPEC,0.05,0.5,0.5,INEXISTENTE AL MOMENTO DE LA INSPECCION [NO SE APRECIAN DIMENSIONES],MAGDALENA CONTRERAS,0.25,0.0125
2008,1164,3RA. CDA. DE AYUNTAMIENTO MZ. 69 LT. 7,ESQ. AYUNTAMIENTO,PUEBLO SAN BERNABE OCOTEPEC,0.05,0.5,0.5,INEXISTENTE AL MOMENTO DE LA INSPECCION [NO SE APRECIAN DIMENSIONES],MAGDALENA CONTRERAS,0.25,0.0125
2009,1834,1A. CDA. DE EMILIANO ZAPATA # 25,ESQ. EMILIANO ZAPATA,PUEBLO SAN BERNABE OCOTEPEC,0.05,0.5,0.5,INEXISTENTE AL MOMENTO DE LA INSPECCION [NO SE APRECIAN DIMENSIONES],MAGDALENA CONTRERAS,0.25,0.0125
2009,1835,CLAVELES # 16,ENTRE FF. CC. DE CUERNAVACA Y AV. SAN FRANCISCO,SAN FRANCISCO,0.05,0.5,0.5,INEXISTENTE AL MOMENTO DE LA INSPECCION [NO SE APRECIAN DIMENSIONES],MAGDALENA CONTRERAS,0.25,0.0125
2009,1836,PROGRESO # 25-BIS,ENTRE AV. SAN FRANCISCO Y FORTIN,SAN FRANCISCO,0.05,0.5,0.5,INEXISTENTE AL MOMENTO DE LA INSPECCION [NO SE APRECIAN DIMENSIONES],MAGDALENA CONTRERAS,0.25,0.0125
2009,1837,ANILLO PERIFERICO,ESQ. AV. LUIS CABRERA,SAN JERONIMO ACULCO,0.05,0.5,0.5,INEXISTENTE AL MOMENTO DE LA INSPECCION [NO SE APRECIAN DIMENSIONES],MAGDALENA CONTRERAS,0.25,0.0125
2009,1838,AV. LUIS CABRERA,ESQ. ANILLO PERIFERICO,SAN JERONIMO ACULCO,0.15,40,8,INSUFICIENCIA DE ATARJEA Y COLECTOR,MAGDALENA CONTRERAS,320,48
2009,1839,JALAPA,ESQ. NARANJOS,SAN JERONIMO ACULCO,0.15,30,6,INSUFICIENCIA DE ATARJEA Y COLECTOR,MAGDALENA CONTRERAS,180,27
2010,1316,ANILLO PERIFERICO,ESQ. AV. LUIS CABRERA,SAN JERONIMO ACULCO,0.2,30,8,INSUFICIENCIA DE ATARJEA Y COLECTOR,MAGDALENA CONTRERAS,240,48
2013,2452,ANILLO PERIFERICO,ESQ. LUIS CABRERA,SAN JERONIMO ACULCO,0.2,80,6,INSUFICIENCIA DE ATARJEA Y COLECTOR,MAGDALENA CONTRERAS,480,96
2013,2453,ANILLO PERIFERICO (2DO PISO DE NORTE A SUR),AV. SAN JERONIMO,SAN JERONIMO ACULCO,0.05,0.5,0.5,INEXISTENTE AL MOMENTO DE LA INSPECCION [NO SE APRECIAN DIMENSIONES],MAGDALENA CONTRERAS,0.25,0.0125
2014,3518,AV. LUIS CABRERA,ESQ. AV. CONTRERAS,SAN JERONIMO ACULCO,0.05,0.5,0.5,INEXISTENTE AL MOMENTO DE LA INSPECCION [NO SE APRECIAN DIMENSIONES],MAGDALENA CONTRERAS,0.25,0.0125
2014,3519,AV. MEXICO,ESQ. OAXACA,SAN JERONIMO ACULCO,0.05,0.5,0.5,INEXISTENTE AL MOMENTO DE LA INSPECCION [NO SE APRECIAN DIMENSIONES],MAGDALENA CONTRERAS,0.25,0.0125
2014,3520,AV. MEXICO ,ESQ. TIHUATLAN ,SAN JERONIMO ACULCO,0.05,0.5,0.5,INEXISTENTE AL MOMENTO DE LA INSPECCION [NO SE APRECIAN DIMENSIONES],MAGDALENA CONTRERAS,0.25,0.0125
2014,3521,AV. TUXPAN ,ESQ. ORIZABA,SAN JERONIMO ACULCO,0.05,0.5,0.5,INEXISTENTE AL MOMENTO DE LA INSPECCION [NO SE APRECIAN DIMENSIONES],MAGDALENA CONTRERAS,0.25,0.0125
2014,3522,TUXPAN,ESQ. ORIZABA,SAN JERONIMO ACULCO,0.05,0.5,0.5,INEXISTENTE AL MOMENTO DE LA INSPECCION [NO SE APRECIAN DIMENSIONES],MAGDALENA CONTRERAS,0.25,0.0125
2007,1576,MAGNOLIA # 21,ENTRE AV. SAN JERONIMO Y PROL. OCOTEPEC,SAN JERONIMO LIDICE,0.25,40,6,INSUFICIENCIA DE ATARJEA Y COLECTOR,MAGDALENA CONTRERAS,240,60
2009,1840,ANILLO PERIFERICO,ESQ. AV. SAN JERONIMO,SAN JERONIMO LIDICE,0.4,100,20,COLADERA OBSTRUIDA,MAGDALENA CONTRERAS,2000,800
2009,1841,ANILLO PERIFERICO (NTE-SUR CARRIL DE ALTA),ESQ. TARASQUILLO,SAN JERONIMO LIDICE,0.05,0.5,0.5,INEXISTENTE AL MOMENTO DE LA INSPECCION [NO SE APRECIAN DIMENSIONES],MAGDALENA CONTRERAS,0.25,0.0125
2009,1842,ANILLO PERIFERICO (NTE-SUR),ESQ. AV. SAN JERONIMO (BAJO PUENTE),SAN JERONIMO LIDICE,0.5,50,9,COLADERA OBSTRUIDA,MAGDALENA CONTRERAS,450,225
2009,1843,ANILLO PERIFERICO SUR,ESQ. LUIS CABRERA,SAN JERONIMO LIDICE,0.05,0.5,0.5,INEXISTENTE AL MOMENTO DE LA INSPECCION [NO SE APRECIAN DIMENSIONES],MAGDALENA CONTRERAS,0.25,0.0125
2009,1844,AV. CONTRERAS,ESQ. ANILLO PERIFERICO (2DO. PISO),SAN JERONIMO LIDICE,0.05,0.5,0.5,INEXISTENTE AL MOMENTO DE LA INSPECCION [NO SE APRECIAN DIMENSIONES],MAGDALENA CONTRERAS,0.25,0.0125
2009,1845,AV. CONTRERAS # 173 (FTE. CASA HOGAR),ENTRE LUIS CABRERA Y ANTONIO,SAN JERONIMO LIDICE,0.15,30,3,COLADERA OBSTRUIDA,MAGDALENA CONTRERAS,90,13.5
2009,1846,CDA. MIAHUATLAN # 17,ESQ. AV. SAN BERNABE,SAN JERONIMO LIDICE,0.05,0.5,0.5,INEXISTENTE AL MOMENTO DE LA INSPECCION [NO SE APRECIAN DIMENSIONES],MAGDALENA CONTRERAS,0.25,0.0125
2009,1847,CDA. REDENCION # 18,ENTRE AV. CONTRERAS Y ANILLO PERIFERCO (LATERAL),SAN JERONIMO LIDICE,0.05,0.5,0.5,INEXISTENTE AL MOMENTO DE LA INSPECCION [NO SE APRECIAN DIMENSIONES],MAGDALENA CONTRERAS,0.25,0.0125
2009,1848,LUIS CABRERA,ESQ. SAN JERONIMO LIDICE,SAN JERONIMO LIDICE,0.05,0.5,0.5,INEXISTENTE AL MOMENTO DE LA INSPECCION [NO SE APRECIAN DIMENSIONES],MAGDALENA CONTRERAS,0.25,0.0125
2009,1849,LUIS CABRERA,ESQ. VERACRUZ,SAN JERONIMO LIDICE,0.05,0.5,0.5,INEXISTENTE AL MOMENTO DE LA INSPECCION [NO SE APRECIAN DIMENSIONES],MAGDALENA CONTRERAS,0.25,0.0125
2009,1850,MAGNOLIA,ESQ. SAN BERNABE,SAN JERONIMO LIDICE,0.05,0.5,0.5,INEXISTENTE AL MOMENTO DE LA INSPECCION [NO SE APRECIAN DIMENSIONES],MAGDALENA CONTRERAS,0.25,0.0125
2010,1317,ANILLO PERIFERICO (2DO. PISO DE NTE/SUR),ESQ. AV. SAN JERONIMO,SAN JERONIMO LIDICE,0.1,40,6,INSUFICIENCIA DE ATARJEA Y COLECTOR,MAGDALENA CONTRERAS,240,24
2010,1318,ANILLO PERIFERICO (2DO. PISO),ESQ. AV. SAN JERONIMO,SAN JERONIMO LIDICE,0.1,30,10,INSUFICIENCIA DE ATARJEA Y COLECTOR,MAGDALENA CONTRERAS,300,30
2010,1319,PRESA,ESQ. RIO CHICO,SAN JERONIMO LIDICE,0.05,0.5,0.5,INEXISTENTE AL MOMENTO DE LA INSPECCION [NO SE APRECIAN DIMENSIONES],MAGDALENA CONTRERAS,0.25,0.0125
2011,2922,ANILLO PERIFERICO,ESQ. TARASQUILLO,SAN JERONIMO LIDICE,0.05,0.5,0.5,INEXISTENTE AL MOMENTO DE LA INSPECCION [NO SE APRECIAN DIMENSIONES],MAGDALENA CONTRERAS,0.25,0.0125
2011,2923,ANILLO PERIFERICO,ESQ. AV. SAN JERONIMO,SAN JERONIMO LIDICE,0.05,0.5,0.5,INEXISTENTE AL MOMENTO DE LA INSPECCION [NO SE APRECIAN DIMENSIONES],MAGDALENA CONTRERAS,0.25,0.0125
2011,2924,ANILLO PERIFERICO,ESQ. AV. LUIS CABRERA,SAN JERONIMO LIDICE,0.05,3,3,INSUFICIENCIA DE ATARJEA Y COLECTOR,MAGDALENA CONTRERAS,9,0.45
2011,2925,ANILLO PERIFERICO,ESQ. TARASQUILLO,SAN JERONIMO LIDICE,0.3,12,8,COLADERA OBSTRUIDA,MAGDALENA CONTRERAS,96,28.8
2011,2926,ANILLO PERIFERICO,ENTRE LUIS CABRERA Y CAMINO A SANTA TERESA,SAN JERONIMO LIDICE,0.05,0.5,0.5,INEXISTENTE AL MOMENTO DE LA INSPECCION [NO SE APRECIAN DIMENSIONES],MAGDALENA CONTRERAS,0.25,0.0125
2011,2927,ANILLO PERIFERICO,ENTRE SAN JERONIMO Y TARASQUILLO,SAN JERONIMO LIDICE,0.3,12,8,COLADERA OBSTRUIDA,MAGDALENA CONTRERAS,96,28.8
2011,2928,ANILLO PERIFERICO (LATERAL),ESQ. AV. CONTRERAS,SAN JERONIMO LIDICE,0.05,0.5,0.5,INEXISTENTE AL MOMENTO DE LA INSPECCION [NO SE APRECIAN DIMENSIONES],MAGDALENA CONTRERAS,0.25,0.0125
2011,2929,ANILLO PERIFERICO (NTE-SUR),ESQ. AV. SAN JERONIMO,SAN JERONIMO LIDICE,0.05,0.5,0.5,INEXISTENTE AL MOMENTO DE LA INSPECCION [NO SE APRECIAN DIMENSIONES],MAGDALENA CONTRERAS,0.25,0.0125
2011,2930,ANILLO PERIFERICO (NTE-SUR),ESQ. AV. SAN JERONIMO,SAN JERONIMO LIDICE,0.05,0.5,0.5,INEXISTENTE AL MOMENTO DE LA INSPECCION [NO SE APRECIAN DIMENSIONES],MAGDALENA CONTRERAS,0.25,0.0125
2011,2931,ANILLO PERIFERICO SUR,ESQ. AV. SAN JERONIMO,SAN JERONIMO LIDICE,0.05,0.5,0.5,INEXISTENTE AL MOMENTO DE LA INSPECCION [NO SE APRECIAN DIMENSIONES],MAGDALENA CONTRERAS,0.25,0.0125
2011,2932,AV. SAN JERONIMO,ESQ. PRIV. NICOLAS BRAVO,SAN JERONIMO LIDICE,0.05,0.5,0.5,INEXISTENTE AL MOMENTO DE LA INSPECCION [NO SE APRECIAN DIMENSIONES],MAGDALENA CONTRERAS,0.25,0.0125
2011,2933,AV. SAN JERONIMO,ESQ. ANILLO PERIFERICO,SAN JERONIMO LIDICE,0.05,0.5,0.5,INEXISTENTE AL MOMENTO DE LA INSPECCION [NO SE APRECIAN DIMENSIONES],MAGDALENA CONTRERAS,0.25,0.0125
2011,2934,LUIS CABRERA,ESQ. ANILLO PERIFERICO,SAN JERONIMO LIDICE,0.05,0.5,0.5,INEXISTENTE AL MOMENTO DE LA INSPECCION [NO SE APRECIAN DIMENSIONES],MAGDALENA CONTRERAS,0.25,0.0125
2011,2935,PERIFERICO,ESQ. SAN JERONIMO,SAN JERONIMO LIDICE,0.3,40,10,INSUFICIENCIA DE ATARJEA Y COLECTOR,MAGDALENA CONTRERAS,400,120
2009,1851,AV. CUAUHTEMOC,ESQ. AV. CONTRERAS,SAN JERONIMO LIDICE,0.15,20,5,INSUFICIENCIA DE ATARJEA Y COLECTOR,MAGDALENA CONTRERAS,100,15
2012,2042,ANILLO PERIFERICO ( CERCA DEL VIPS ) ,ESQ. AV. CONTRERAS ,SAN JERONIMO LIDICE,0.05,0.5,0.5,INEXISTENTE AL MOMENTO DE LA INSPECCION,MAGDALENA CONTRERAS,0.25,0.0125
2012,2049,PERIFERICO,ESQ. SN JERONIMO,SAN JERONIMO LIDICE,0.15,50,12,INSUFICIENCIA DE ATARJEA Y COLECTOR,MAGDALENA CONTRERAS,600,90
2012,2054,MAGNOLIA  (DESBORDE DEL RIO MAGDALENA),ESQ.SAN BERNABE,SAN JERONIMO LIDICE,0.2,30,6,INSUFICIENCIA DE ATARJEA Y COLECTOR,MAGDALENA CONTRERAS,180,36
2012,2058,LAT. A. PERIFERICO ,ESQ. AV. SAN JERONIMO,SAN JERONIMO LIDICE,0.15,15,8,INSUFICIENCIA DE ATARJEA Y COLECTOR,MAGDALENA CONTRERAS,120,18
2013,2454,ANILLO PERIFERICO (NTE.-SUR),ESQ. QUETZALCOATL,SAN JERONIMO LIDICE,0.05,5,1,HUNDIMIENTO DE LA CARPETA ASFALTICA,MAGDALENA CONTRERAS,5,0.25
2013,2455,SAN BERNABE #  652,MAGNOLIA ,SAN JERONIMO LIDICE,0.05,0.5,0.5,INEXISTENTE AL MOMENTO DE LA INSPECCION [NO SE APRECIAN DIMENSIONES],MAGDALENA CONTRERAS,0.25,0.0125
2014,3523,ANILLO PERIFERICO,"ESQ. AV , SAN JERONIMO ",SAN JERONIMO LIDICE,0.05,0.5,0.5,INEXISTENTE AL MOMENTO DE LA INSPECCION [NO SE APRECIAN DIMENSIONES],MAGDALENA CONTRERAS,0.25,0.0125
2014,3524,ANILLO PERIFERICO ,ESQ. AV. SAN JERONIMO ,SAN JERONIMO LIDICE,0.1,80,3,INSUFICIENCIA DE ATARJEA Y COLECTOR,MAGDALENA CONTRERAS,240,24
2014,3525,ANILLO PERIFERICO (NORTE-SUR),ESQ. AV. SAN JERONIMO ,SAN JERONIMO LIDICE,0.05,0.5,0.5,INEXISTENTE AL MOMENTO DE LA INSPECCION [NO SE APRECIAN DIMENSIONES],MAGDALENA CONTRERAS,0.25,0.0125
2014,3526,AV. CONTRERAS,ESQ. TARASQUILLO,SAN JERONIMO LIDICE,0.05,0.5,0.5,INEXISTENTE AL MOMENTO DE LA INSPECCION [NO SE APRECIAN DIMENSIONES],MAGDALENA CONTRERAS,0.25,0.0125
2014,3527,AV. LUIS CABRERA,ESQ. ANILLO PERIFERICO,SAN JERONIMO LIDICE,0.05,0.5,0.5,INEXISTENTE AL MOMENTO DE LA INSPECCION [NO SE APRECIAN DIMENSIONES],MAGDALENA CONTRERAS,0.25,0.0125
2014,3528,AV. MEXICO - CONTRERAS ,ESQ. ANILLO PERIFERICO ,SAN JERONIMO LIDICE,0.05,0.5,0.5,INEXISTENTE AL MOMENTO DE LA INSPECCION [NO SE APRECIAN DIMENSIONES],MAGDALENA CONTRERAS,0.25,0.0125
2014,3529,AV. RIO CHICO ,ESQ. SAN RAMON,SAN JERONIMO LIDICE,0.05,0.5,0.5,INEXISTENTE AL MOMENTO DE LA INSPECCION [NO SE APRECIAN DIMENSIONES],MAGDALENA CONTRERAS,0.25,0.0125
2014,3530,AV. SAN BERNABE # 779,ESQ. MAGNOLIA,SAN JERONIMO LIDICE,0.05,0.5,0.5,INEXISTENTE AL MOMENTO DE LA INSPECCION [NO SE APRECIAN DIMENSIONES],MAGDALENA CONTRERAS,0.25,0.0125
2014,3531,AV. SAN JERONIMO,ESQ. ANILLO PERIFERICO,SAN JERONIMO LIDICE,0.15,30,6,INSUFICIENCIA DE ATARJEA Y COLECTOR,MAGDALENA CONTRERAS,180,27
2014,3532,AV. SAN JERONIMO,ESQ. AV. MORELOS,SAN JERONIMO LIDICE,0.6,50,20,INSUFICIENCIA DE GRIETA,MAGDALENA CONTRERAS,1000,600
2014,3533,LUIS CABRERA,ESQ. NARANJO,SAN JERONIMO LIDICE,0.05,0.5,0.5,INEXISTENTE AL MOMENTO DE LA INSPECCION [NO SE APRECIAN DIMENSIONES],MAGDALENA CONTRERAS,0.25,0.0125
2008,1165,PROL. BUENAVISTA # 54,ENTRE CJON. A LA CAÑADA Y CJON. A LOS DINAMOS,PUEBLO SAN NICOLAS TOTOLAPAN,0.05,0.5,0.5,INEXISTENTE AL MOMENTO DE LA INSPECCION [NO SE APRECIAN DIMENSIONES],MAGDALENA CONTRERAS,0.25,0.0125
2008,1166,FERROCARRIL DE CUERNAVACA,ESQ. GAVILLERO,PUEBLO SAN NICOLAS TOTOLAPAN,0.05,0.5,0.5,INEXISTENTE AL MOMENTO DE LA INSPECCION [NO SE APRECIAN DIMENSIONES],MAGDALENA CONTRERAS,0.25,0.0125
2011,2936,CANAL,ESQ. CRUZ VERDE,PUEBLO SAN NICOLAS TOTOLAPAN,0.05,0.5,0.5,INEXISTENTE AL MOMENTO DE LA INSPECCION [NO SE APRECIAN DIMENSIONES],MAGDALENA CONTRERAS,0.25,0.0125
2011,2937,PUENTE CUADRITOS,ESQ. AND. ALTAVISTA,PUEBLO SAN NICOLAS TOTOLAPAN,0.05,0.5,0.5,INEXISTENTE AL MOMENTO DE LA INSPECCION [NO SE APRECIAN DIMENSIONES],MAGDALENA CONTRERAS,0.25,0.0125
2012,2043,ACANCEH,ESQ. GAVILLERO,PUEBLO SAN NICOLAS TOTOLAPAN,0.15,20,10,INSUFICIENCIA DE ATARJEA Y COLECTOR,MAGDALENA CONTRERAS,200,30
2012,2044,TABAQUEROS ,ESQ. INDEPENDENCIA ,PUEBLO SAN NICOLAS TOTOLAPAN,0.15,10,3,INSUFICIENCIA DE ATARJEA Y COLECTOR,MAGDALENA CONTRERAS,30,4.5
2012,2045,SOLEDAD # 37,ALAMOS ,PUEBLO SAN NICOLAS TOTOLAPAN,0.05,0.5,0.5,INEXISTENTE AL MOMENTO DE LA INSPECCION,MAGDALENA CONTRERAS,0.25,0.0125
2012,2052,JACARANDA # 73 ,CAPULINES ,PUEBLO SAN NICOLAS TOTOLAPAN,0.05,0.5,0.5,INEXISTENTE AL MOMENTO DE LA INSPECCION,MAGDALENA CONTRERAS,0.25,0.0125
2013,2456,PUENTE CUADRITOS,ESQ. TLAMAHUACALA,PUEBLO SAN NICOLAS TOTOLAPAN,0.05,0.5,0.5,INEXISTENTE AL MOMENTO DE LA INSPECCION [NO SE APRECIAN DIMENSIONES],MAGDALENA CONTRERAS,0.25,0.0125
2014,3534,2 DE ABRIL,ESQ. BUENAVISTA,PUEBLO SAN NICOLAS TOTOLAPAN,0.05,0.5,0.5,INEXISTENTE AL MOMENTO DE LA INSPECCION [NO SE APRECIAN DIMENSIONES],MAGDALENA CONTRERAS,0.25,0.0125
2014,3535,ENCINOS,ESQ. FRESNOS,PUEBLO SAN NICOLAS TOTOLAPAN,0.1,6,2,COLADERA OBSTRUIDA,MAGDALENA CONTRERAS,12,1.2
2014,3536,PUENTE  CUADRITOS,ESQ. TENERIA,PUEBLO SAN NICOLAS TOTOLAPAN,0.05,0.5,0.5,INEXISTENTE AL MOMENTO DE LA INSPECCION [NO SE APRECIAN DIMENSIONES],MAGDALENA CONTRERAS,0.25,0.0125
2008,1167,ALAMOS # 9,ESQ. PRIV. TEPETATES,PUEBLO SAN NICOLAS TOTOLAPAN,0.05,0.5,0.5,INEXISTENTE AL MOMENTO DE LA INSPECCION [NO SE APRECIAN DIMENSIONES],MAGDALENA CONTRERAS,0.25,0.0125
2011,2938,PUENTE CUADRITOS,ENTRE REFORMA Y MARIANO MATAMOROS,PUEBLO SAN NICOLAS TOTOLAPAN,0.05,0.5,0.5,INEXISTENTE AL MOMENTO DE LA INSPECCION [NO SE APRECIAN DIMENSIONES],MAGDALENA CONTRERAS,0.25,0.0125
2007,1577,ANILLO PERIFERICO,ESQ. CAMINO A SANTA TERESA,SANTA TERESA,0.3,40,4,INSUFICIENCIA DE ATARJEA Y COLECTOR,MAGDALENA CONTRERAS,160,48
2010,1320,CAMINO A SANTA TERESA,ESQ. ANILLO PERIFERICO,SANTA TERESA,0.2,20,3,COLADERA OBSTRUIDA,MAGDALENA CONTRERAS,60,12
2011,2939,AV. MEXICO,ENTRE CHOPOS Y QUERETARO,SANTA TERESA,0.05,0.5,0.5,INEXISTENTE AL MOMENTO DE LA INSPECCION [NO SE APRECIAN DIMENSIONES],MAGDALENA CONTRERAS,0.25,0.0125
2012,2057,CAMINO A SANTA TERESA ,ESQ. ANILLO PERIFERICO ,SANTA TERESA,0.05,0.5,0.5,INEXISTENTE AL MOMENTO DE LA INSPECCION,MAGDALENA CONTRERAS,0.25,0.0125
2013,2457,AV. MEXICO,ESQ. PACHUCA,SANTA TERESA,0.05,0.5,0.5,INEXISTENTE AL MOMENTO DE LA INSPECCION [NO SE APRECIAN DIMENSIONES],MAGDALENA CONTRERAS,0.25,0.0125
2014,3537,PACHUCA ,ESQ. SAN MARCOS,SANTA TERESA,0.05,0.5,0.5,INEXISTENTE AL MOMENTO DE LA INSPECCION [NO SE APRECIAN DIMENSIONES],MAGDALENA CONTRERAS,0.25,0.0125
2012,2055,AV. MEXICO    ( RIO MAGDALENA ),ESQ. ANILLO PERIFERICO,SANTA TERESA,0.2,30,10,INSUFICIENCIA DE ATARJEA Y COLECTOR,MAGDALENA CONTRERAS,300,60
2009,1852,ANILLO PERIFERICO,ESQ. CAMINO A SANTA TERESA,SANTA TERESA,0.4,60,14,COLADERA OBSTRUIDA,MAGDALENA CONTRERAS,840,336
2014,3538,FERROCARRIL DE CUERNAVACA,ESQ. CDA. PIRUL,PUEBLO SAN NICOLAS TOTOLAPAN,0.05,0.5,0.5,INEXISTENTE AL MOMENTO DE LA INSPECCION [NO SE APRECIAN DIMENSIONES],MAGDALENA CONTRERAS,0.25,0.0125
2011,2940,FERROCARRIL DE CUERNAVACA # 16,ENTRE GAVILLERO Y PUENTE CUADRITOS,PUEBLO SAN NICOLAS TOTOLAPAN,0.05,0.5,0.5,INEXISTENTE AL MOMENTO DE LA INSPECCION [NO SE APRECIAN DIMENSIONES],MAGDALENA CONTRERAS,0.25,0.0125
2010,1321,ANILLO PERIFERICO # 2524 (LATERAL),(FTE. A LA U. H. INDEPENDENCIA),UNIDAD INDEPENDENCIA IMSS,0.15,70,2,COLADERA OBSTRUIDA,MAGDALENA CONTRERAS,140,21
2012,2050,PINO,SAN JERONIMO,UNIDAD INDEPENDENCIA IMSS,0.05,0.5,0.5,INEXISTENTE AL MOMENTO DE LA INSPECCION,MAGDALENA CONTRERAS,0.25,0.0125
2014,3539,SAN RAMON,ESQ. RIO CHICO ,UNIDAD INDEPENDENCIA IMSS,0.05,0.5,0.5,INEXISTENTE AL MOMENTO DE LA INSPECCION [NO SE APRECIAN DIMENSIONES],MAGDALENA CONTRERAS,0.25,0.0125
2009,1853,CAMINO A SANTA TERESA,ESQ. AV. MEXICO,SANTA TERESA,0.05,0.5,0.5,INEXISTENTE AL MOMENTO DE LA INSPECCION [NO SE APRECIAN DIMENSIONES],MAGDALENA CONTRERAS,0.25,0.0125
2009,1854,ANILLO PERIFERICO,ESQ. CAMINO A SANTA TERESA,SANTA TERESA,0.6,80,14,INSUFICIENCIA DE ATARJEA Y COLECTOR,MAGDALENA CONTRERAS,1120,672
